lat,long,date,lcc
-0.559788,37.478215,4/7/2021,Cultivated and managed vegetation/agriculture (cropland)
-2.441984,40.161785,7/13/2020,"Open forest, unknown"
-0.65167,38.402958,4/4/2021,Urban / built up
-0.610328,38.112466,2/5/2021,Cultivated and managed vegetation/agriculture (cropland)
0.120728,37.069462,2/11/2021,Cultivated and managed vegetation/agriculture (cropland)
-3.523345,39.842349,2/7/2021,"Open forest, unknown"
0.267439,35.73517,3/11/2021,"Open forest, unknown"
2.329307,37.999144,5/27/2020,"Open forest, unknown"
3.995706,37.271629,1/30/2021,Urban / built up
0.399275,36.309291,2/19/2021,"Open forest, unknown"
-1.690028,40.169425,2/25/2021,Urban / built up
-0.514504,37.752022,3/29/2021,Cultivated and managed vegetation/agriculture (cropland)
-0.131647,36.183557,3/5/2021,"Open forest, unknown"
0.962792,38.536762,2/28/2021,Urban / built up
-1.569844,38.361372,3/10/2021,"Open forest, unknown"
-1.017875,37.944368,2/28/2021,Cultivated and managed vegetation/agriculture (cropland)
0.333635,35.886404,3/17/2021,"Open forest, unknown"
-1.615352,38.083818,2/26/2021,"Open forest, unknown"
-0.593956,36.117772,3/25/2021,Cultivated and managed vegetation/agriculture (cropland)
-0.434608,37.727465,3/5/2021,Cultivated and managed vegetation/agriculture (cropland)
-0.473804,38.048668,3/11/2021,Cultivated and managed vegetation/agriculture (cropland)
3.505389,38.750893,3/9/2021,Urban / built up
-1.144976,37.542628,2/18/2021,Urban / built up
0.488934,35.757274,3/7/2021,Cultivated and managed vegetation/agriculture (cropland)
0.443058,36.373658,2/2/2021,Cultivated and managed vegetation/agriculture (cropland)
2.653445,36.265506,6/30/2020,"Open forest, unknown"
-1.596898,40.065718,1/22/2021,"Open forest, unknown"
-0.554743,37.472296,3/26/2021,Cultivated and managed vegetation/agriculture (cropland)
-0.557966,38.211351,3/17/2021,Urban / built up
-2.074083,38.32407,3/28/2021,Cultivated and managed vegetation/agriculture (cropland)
3.470848,39.312153,4/8/2021,"Open forest, unknown"
-1.328026,38.021342,3/6/2021,Cultivated and managed vegetation/agriculture (cropland)
0.611276,40.408895,7/1/2020,Urban / built up
3.505722,38.750543,4/7/2021,Urban / built up
-1.658884,37.293249,2/18/2021,Cultivated and managed vegetation/agriculture (cropland)
4.206057,34.347978,3/9/2021,"Open forest, unknown"
-1.515583,37.262008,1/15/2021,Urban / built up
-1.635857,37.991432,2/12/2021,Cultivated and managed vegetation/agriculture (cropland)
3.398432,40.224347,12/22/2020,Urban / built up
-1.1415,37.47247,4/11/2021,Cultivated and managed vegetation/agriculture (cropland)
3.36035,39.415678,3/5/2021,Urban / built up
0.274936,36.363522,3/24/2021,"Open forest, unknown"
0.359236,37.596102,4/10/2021,Urban / built up
-0.330637,37.647965,1/26/2021,Urban / built up
3.602626,38.516688,3/31/2021,"Open forest, unknown"
-0.639431,38.360417,2/20/2021,"Open forest, unknown"
-0.429939,39.650938,1/8/2021,Urban / built up
-3.050805,40.096721,3/18/2021,"Open forest, unknown"
0.078143,37.185311,1/20/2021,Cultivated and managed vegetation/agriculture (cropland)
-0.331817,37.637139,2/6/2021,Urban / built up
3.506866,38.96646,1/20/2021,"Open forest, unknown"
3.102482,35.599204,4/12/2021,Urban / built up
0.35715,37.583587,4/1/2020,Urban / built up
2.243404,38.004098,4/19/2021,Cultivated and managed vegetation/agriculture (cropland)
-0.724596,39.018163,1/12/2021,Urban / built up
0.035575,36.356163,4/2/2021,Urban / built up
-0.00474,37.763742,12/30/2020,Cultivated and managed vegetation/agriculture (cropland)
0.017271,38.07817,3/12/2021,Cultivated and managed vegetation/agriculture (cropland)
1.784668,35.491053,2/19/2021,"Open forest, unknown"
-0.153557,38.202779,3/23/2021,Cultivated and managed vegetation/agriculture (cropland)
0.084404,37.788071,12/31/2020,"Open forest, unknown"
-3.753036,39.656477,2/25/2021,"Open forest, unknown"
-0.503999,39.656672,3/2/2021,"Open forest, unknown"
3.35751,39.41994,3/20/2021,Urban / built up
-0.546077,37.450531,3/24/2021,Urban / built up
-1.432593,38.256639,2/20/2021,"Open forest, unknown"
-1.401743,37.710838,2/15/2021,Cultivated and managed vegetation/agriculture (cropland)
2.358126,37.998619,1/5/2021,"Open forest, unknown"
-0.033303,37.112323,2/9/2021,Cultivated and managed vegetation/agriculture (cropland)
-0.296666,37.670646,4/13/2021,"Open forest, unknown"
0.467056,35.742492,2/15/2021,"Open forest, unknown"
0.339078,37.577469,1/31/2021,Urban / built up
3.119974,35.608017,5/12/2020,Urban / built up
0.237925,36.399995,2/11/2021,Cultivated and managed vegetation/agriculture (cropland)
0.37197,37.588207,1/28/2021,Cultivated and managed vegetation/agriculture (cropland)
-0.692334,37.649875,1/31/2021,Cultivated and managed vegetation/agriculture (cropland)
0.354744,37.55924,3/16/2021,Urban / built up
3.396982,40.224056,1/25/2021,Urban / built up
-0.877704,38.150685,3/3/2021,Cultivated and managed vegetation/agriculture (cropland)
0.095677,37.16744,1/13/2021,Cultivated and managed vegetation/agriculture (cropland)
-0.681715,38.138945,2/16/2021,Cultivated and managed vegetation/agriculture (cropland)
-0.006289,35.584082,2/15/2021,"Open forest, unknown"
0.086704,37.719374,1/20/2021,Cultivated and managed vegetation/agriculture (cropland)
-0.779218,38.081325,1/26/2021,Cultivated and managed vegetation/agriculture (cropland)
-1.558995,38.117508,3/16/2021,Cultivated and managed vegetation/agriculture (cropland)
-0.49409,37.460126,2/23/2021,Cultivated and managed vegetation/agriculture (cropland)
-1.590588,38.332137,4/16/2021,"Open forest, unknown"
0.47872,35.985834,3/1/2021,"Open forest, unknown"
2.386572,35.64322,4/7/2021,Urban / built up
0.307613,36.373337,3/4/2021,Cultivated and managed vegetation/agriculture (cropland)
-0.920046,38.12261,2/1/2021,Cultivated and managed vegetation/agriculture (cropland)
3.506922,38.75144,3/9/2021,Urban / built up
-0.475457,37.553465,2/28/2021,Urban / built up
1.222518,36.54015,9/17/2020,"Open forest, unknown"
4.20179,34.388149,4/2/2021,"Open forest, unknown"
-0.590182,36.127638,4/7/2021,Cultivated and managed vegetation/agriculture (cropland)
3.503397,38.970332,3/2/2021,"Open forest, unknown"
-3.749401,39.658854,2/11/2021,"Open forest, unknown"
0.019467,37.07847,3/28/2021,Urban / built up
1.757378,37.326006,2/17/2021,"Open forest, unknown"
-0.52538,37.742649,3/20/2021,Cultivated and managed vegetation/agriculture (cropland)
-0.451504,39.641215,2/17/2021,Urban / built up
-0.939257,38.086985,2/8/2021,Cultivated and managed vegetation/agriculture (cropland)
0.036593,37.110001,3/19/2021,Cultivated and managed vegetation/agriculture (cropland)
-1.280544,38.218367,2/14/2021,"Open forest, unknown"
-1.18603,37.838573,4/3/2021,Cultivated and managed vegetation/agriculture (cropland)
0.191695,35.821361,3/27/2021,"Open forest, unknown"
3.469137,39.311659,3/11/2021,"Open forest, unknown"
-1.471292,38.03665,4/11/2021,Cultivated and managed vegetation/agriculture (cropland)
0.038139,36.381507,2/12/2021,Urban / built up
0.07831,35.641537,3/15/2021,"Open forest, unknown"
0.058216,37.16786,2/3/2021,Cultivated and managed vegetation/agriculture (cropland)
1.739731,37.312448,3/13/2021,"Open forest, unknown"
3.117168,37.41542,2/15/2021,"Open forest, unknown"
3.995372,37.272608,3/2/2021,Urban / built up
1.590296,37.802701,7/14/2020,Urban / built up
1.991497,35.93774,2/12/2021,Urban / built up
-0.520525,39.664418,3/22/2021,"Open forest, unknown"
2.238938,38.003528,3/9/2021,"Open forest, unknown"
-1.357209,38.026795,1/19/2021,Cultivated and managed vegetation/agriculture (cropland)
0.839968,38.496806,4/8/2021,Urban / built up
-0.45274,37.787944,3/30/2021,Urban / built up
3.110818,35.614734,3/4/2021,Urban / built up
-0.593168,38.041673,3/24/2021,Cultivated and managed vegetation/agriculture (cropland)
0.036264,36.353163,3/11/2021,Cultivated and managed vegetation/agriculture (cropland)
0.962752,38.536698,3/1/2021,Urban / built up
-1.252927,38.097692,3/17/2021,"Open forest, unknown"
3.470123,39.051094,1/18/2021,"Open forest, unknown"
1.767368,37.320687,3/22/2021,"Open forest, unknown"
-2.374958,40.407104,2/11/2021,"Open forest, unknown"
0.038139,36.381481,3/29/2021,Urban / built up
-0.481235,39.652985,3/12/2021,Urban / built up
0.355941,37.574749,1/25/2021,Urban / built up
4.207017,34.372564,4/7/2021,Urban / built up
-1.158252,38.006812,1/30/2021,Cultivated and managed vegetation/agriculture (cropland)
2.063867,35.436958,1/30/2021,"Open forest, unknown"
-0.94258,38.053427,2/12/2021,Cultivated and managed vegetation/agriculture (cropland)
2.112273,36.161631,3/8/2021,"Open forest, unknown"
3.119542,35.600603,3/18/2021,Urban / built up
1.957047,36.045455,3/3/2021,"Open forest, unknown"
2.303663,38.044697,5/27/2020,Cultivated and managed vegetation/agriculture (cropland)
3.465685,39.304465,2/4/2021,"Open forest, unknown"
2.337267,37.97035,1/19/2021,Cultivated and managed vegetation/agriculture (cropland)
0.585573,37.585079,2/16/2021,Urban / built up
2.334123,38.024959,11/24/2020,"Open forest, unknown"
0.073907,37.094913,1/30/2021,Cultivated and managed vegetation/agriculture (cropland)
0.850228,38.380051,1/14/2021,"Open forest, unknown"
1.744078,40.047981,3/14/2021,Urban / built up
3.479682,39.126605,3/10/2021,"Open forest, unknown"
-1.091621,37.968018,2/10/2021,Cultivated and managed vegetation/agriculture (cropland)
3.931885,41.206845,2/25/2021,"Open forest, unknown"
2.23902,38.014732,2/25/2021,"Open forest, unknown"
-0.202438,38.260265,3/9/2021,Cultivated and managed vegetation/agriculture (cropland)
3.121325,37.41735,6/6/2020,"Open forest, unknown"
-2.384269,40.460107,2/17/2021,"Open forest, unknown"
-0.392739,37.812256,3/4/2021,Cultivated and managed vegetation/agriculture (cropland)
-0.254239,37.637823,2/3/2021,Cultivated and managed vegetation/agriculture (cropland)
0.478308,35.771081,5/28/2020,Cultivated and managed vegetation/agriculture (cropland)
-2.218013,40.804862,3/8/2021,"Open forest, unknown"
3.972171,40.136578,2/5/2021,"Open forest, unknown"
3.153435,39.251094,1/14/2021,Urban / built up
2.789235,39.501122,12/26/2020,Urban / built up
3.15313,39.251025,3/31/2021,Urban / built up
0.215411,36.392683,1/23/2021,Cultivated and managed vegetation/agriculture (cropland)
-0.935762,37.333232,2/7/2021,Cultivated and managed vegetation/agriculture (cropland)
3.119693,35.600906,1/18/2021,Urban / built up
1.746059,40.054664,1/24/2021,Urban / built up
3.348706,39.205719,1/27/2021,"Open forest, unknown"
1.101926,40.259786,4/25/2021,Urban / built up
2.338685,37.973611,12/22/2020,Urban / built up
0.408544,36.392484,3/1/2021,Cultivated and managed vegetation/agriculture (cropland)
0.490639,35.762813,3/9/2021,"Open forest, unknown"
3.128545,37.427279,6/18/2020,Urban / built up
0.07898,35.645542,3/3/2021,"Open forest, unknown"
3.504414,39.055208,4/1/2021,Urban / built up
4.205766,34.344984,3/15/2021,Urban / built up
-0.486654,39.657672,1/13/2021,Urban / built up
-0.104261,38.019997,3/4/2021,Cultivated and managed vegetation/agriculture (cropland)
0.981592,37.318615,4/15/2021,Urban / built up
-3.39115,37.677002,2/17/2021,Urban / built up
-0.485014,38.091536,3/1/2021,Cultivated and managed vegetation/agriculture (cropland)
-0.919169,38.267363,3/29/2021,Cultivated and managed vegetation/agriculture (cropland)
0.850325,38.48877,2/24/2021,"Open forest, unknown"
-0.970615,38.007244,4/11/2021,Cultivated and managed vegetation/agriculture (cropland)
0.007955,35.582789,3/20/2021,Cultivated and managed vegetation/agriculture (cropland)
-3.913658,39.621515,2/13/2021,"Open forest, unknown"
0.044387,35.707148,3/16/2021,Cultivated and managed vegetation/agriculture (cropland)
0.011078,37.076468,4/24/2021,Urban / built up
-0.56139,37.33062,2/28/2021,Urban / built up
-0.438047,37.733393,3/3/2021,Cultivated and managed vegetation/agriculture (cropland)
0.120656,37.813674,1/13/2021,Cultivated and managed vegetation/agriculture (cropland)
3.97832,41.903321,1/4/2021,"Open forest, unknown"
-0.155703,37.979636,2/18/2021,Cultivated and managed vegetation/agriculture (cropland)
2.118093,36.153298,3/17/2021,"Open forest, unknown"
0.486422,36.018284,3/18/2021,Cultivated and managed vegetation/agriculture (cropland)
-3.346983,39.928839,3/3/2021,"Open forest, unknown"
0.497345,35.769616,2/25/2021,"Open forest, unknown"
-0.323549,37.654876,4/6/2021,Cultivated and managed vegetation/agriculture (cropland)
0.353243,37.582771,1/31/2021,Urban / built up
0.036419,36.353726,4/5/2021,Urban / built up
0.013846,37.07672,4/16/2021,Urban / built up
-0.771172,37.365485,4/26/2021,Cultivated and managed vegetation/agriculture (cropland)
-0.330346,37.65076,2/24/2021,Urban / built up
0.013129,37.076498,4/23/2021,Urban / built up
0.292722,36.364198,1/15/2021,"Open forest, unknown"
2.32539,37.988635,4/15/2021,Urban / built up
3.994662,37.273087,4/13/2021,Urban / built up
3.505313,38.751676,3/20/2021,Urban / built up
0.520581,35.757827,3/2/2021,"Open forest, unknown"
3.565945,38.642634,4/12/2021,Urban / built up
1.143039,36.745091,3/6/2021,"Open forest, unknown"
1.976497,36.073077,3/26/2021,"Open forest, unknown"
0.472021,35.984983,4/12/2021,Urban / built up
-0.36701,35.997517,3/29/2021,Cultivated and managed vegetation/agriculture (cropland)
-0.799442,39.840902,5/31/2020,"Open forest, unknown"
0.749245,36.540401,1/6/2021,"Open forest, unknown"
0.766597,36.405164,4/9/2021,"Open forest, unknown"
2.335168,37.999163,4/3/2021,Urban / built up
-2.20031,40.84183,2/27/2021,"Open forest, unknown"
0.03585,36.367177,3/14/2021,Urban / built up
1.784175,36.787735,6/11/2020,Urban / built up
1.067772,38.667969,2/13/2021,Urban / built up
-1.141024,37.611369,1/28/2021,Cultivated and managed vegetation/agriculture (cropland)
-1.695418,40.170327,4/8/2021,Urban / built up
-1.332874,37.501974,1/26/2021,Cultivated and managed vegetation/agriculture (cropland)
-0.425795,37.758553,3/26/2021,Cultivated and managed vegetation/agriculture (cropland)
1.743687,40.04791,3/8/2021,Urban / built up
-1.948121,37.743522,1/20/2021,Cultivated and managed vegetation/agriculture (cropland)
-1.23638,38.196139,3/12/2021,"Open forest, unknown"
-1.119217,37.599488,2/9/2021,Urban / built up
3.11772,35.599156,2/3/2021,Urban / built up
-0.158199,35.692621,4/5/2021,Urban / built up
2.055033,35.442152,2/1/2021,"Open forest, unknown"
-1.316152,38.023558,2/25/2021,Cultivated and managed vegetation/agriculture (cropland)
0.729754,39.176101,6/20/2020,Urban / built up
1.305901,38.973492,1/27/2021,Urban / built up
3.391627,40.223794,1/12/2021,"Open forest, unknown"
-0.982901,38.040539,2/16/2021,Cultivated and managed vegetation/agriculture (cropland)
-0.244078,37.661532,3/14/2021,Cultivated and managed vegetation/agriculture (cropland)
3.154121,39.251677,2/15/2021,Urban / built up
-1.396537,38.015166,2/10/2021,Cultivated and managed vegetation/agriculture (cropland)
-0.285996,36.124114,4/4/2021,Urban / built up
1.748338,40.05533,2/11/2021,Urban / built up
-1.499865,37.951475,2/8/2021,Cultivated and managed vegetation/agriculture (cropland)
-0.480042,39.652018,1/3/2021,Urban / built up
0.748797,36.441402,2/27/2021,"Open forest, unknown"
-1.282437,38.290118,2/22/2021,"Open forest, unknown"
-0.467746,37.886704,2/11/2021,Cultivated and managed vegetation/agriculture (cropland)
-1.266212,38.105757,3/8/2021,Cultivated and managed vegetation/agriculture (cropland)
2.229104,38.006845,3/2/2021,"Open forest, unknown"
0.059666,37.20248,3/16/2021,Cultivated and managed vegetation/agriculture (cropland)
-0.771351,37.823756,2/12/2021,Cultivated and managed vegetation/agriculture (cropland)
-0.122929,37.721215,1/6/2021,"Open forest, unknown"
-0.067919,36.166466,4/14/2021,"Open forest, unknown"
2.210495,37.87108,2/11/2021,"Open forest, unknown"
0.299801,35.859163,2/6/2021,"Open forest, unknown"
3.99515,37.272507,2/28/2021,Urban / built up
1.744989,40.043991,1/28/2021,Urban / built up
-3.907698,39.627203,2/21/2021,"Open forest, unknown"
2.00389,39.760742,2/27/2021,Urban / built up
-0.954875,38.076217,3/1/2021,Cultivated and managed vegetation/agriculture (cropland)
-0.08944,37.804372,1/19/2021,Cultivated and managed vegetation/agriculture (cropland)
0.835849,36.561428,4/4/2021,"Open forest, unknown"
-1.594913,40.514479,4/5/2021,Urban / built up
0.004428,37.096953,2/5/2021,Urban / built up
-1.535259,38.029885,1/28/2021,Cultivated and managed vegetation/agriculture (cropland)
3.56466,38.651842,1/22/2021,"Open forest, unknown"
-0.281992,37.893169,1/25/2021,Cultivated and managed vegetation/agriculture (cropland)
0.045049,37.109201,1/28/2021,Cultivated and managed vegetation/agriculture (cropland)
4.209959,34.357517,3/22/2021,"Open forest, unknown"
0.022793,36.050276,2/26/2021,"Open forest, unknown"
3.99535,37.272652,3/9/2021,Urban / built up
-0.610617,38.18359,2/8/2021,Cultivated and managed vegetation/agriculture (cropland)
3.320335,37.073739,7/14/2020,Urban / built up
-0.540648,37.455958,2/20/2021,Urban / built up
-1.515587,37.26201,1/13/2021,Urban / built up
-1.038586,38.36203,3/25/2021,Cultivated and managed vegetation/agriculture (cropland)
3.15408,39.251714,3/9/2021,Urban / built up
0.056734,37.178433,1/16/2021,Cultivated and managed vegetation/agriculture (cropland)
-1.611488,38.273214,1/31/2021,"Open forest, unknown"
3.460948,38.932345,1/11/2021,"Open forest, unknown"
-0.642517,36.297776,3/31/2021,Cultivated and managed vegetation/agriculture (cropland)
-0.299178,38.224156,1/18/2021,Cultivated and managed vegetation/agriculture (cropland)
-0.424923,37.841028,3/5/2021,Cultivated and managed vegetation/agriculture (cropland)
4.322008,35.676738,3/12/2021,Urban / built up
0.976207,36.676849,3/19/2021,"Open forest, unknown"
-1.288106,38.184107,2/16/2021,"Open forest, unknown"
-0.323332,37.737946,4/10/2021,Cultivated and managed vegetation/agriculture (cropland)
0.316969,36.211932,3/23/2021,Cultivated and managed vegetation/agriculture (cropland)
-1.11909,37.900801,2/27/2021,Cultivated and managed vegetation/agriculture (cropland)
1.748816,40.058224,3/8/2021,Urban / built up
0.091307,37.655656,2/10/2021,Urban / built up
0.56208,35.873722,3/9/2021,"Open forest, unknown"
0.360634,37.587915,4/15/2020,Urban / built up
3.940093,41.836032,1/22/2021,"Open forest, unknown"
-0.335441,37.830498,3/9/2021,Urban / built up
1.969707,36.058357,2/11/2021,"Open forest, unknown"
-1.280446,36.852171,3/29/2021,Urban / built up
3.543943,38.641602,2/10/2021,"Open forest, unknown"
2.20105,37.899013,4/13/2021,"Open forest, unknown"
3.125008,35.624545,1/15/2021,"Open forest, unknown"
-1.45335,38.087182,3/22/2021,Cultivated and managed vegetation/agriculture (cropland)
-0.813631,38.271636,1/31/2021,"Open forest, unknown"
0.476768,35.744953,2/9/2021,Cultivated and managed vegetation/agriculture (cropland)
-1.551633,38.053778,1/23/2021,Cultivated and managed vegetation/agriculture (cropland)
-0.618746,37.880187,3/29/2021,Urban / built up
0.085329,37.816967,3/1/2021,Cultivated and managed vegetation/agriculture (cropland)
4.201911,34.384669,2/8/2021,"Open forest, unknown"
2.238153,38.00542,2/10/2021,"Open forest, unknown"
3.46917,39.09585,2/15/2021,Cultivated and managed vegetation/agriculture (cropland)
2.118034,36.152852,3/17/2021,"Open forest, unknown"
0.014443,37.070215,12/29/2020,Urban / built up
2.344779,37.989468,4/14/2021,"Open forest, unknown"
-0.735041,37.729513,3/2/2021,Cultivated and managed vegetation/agriculture (cropland)
-0.560391,37.480585,1/28/2021,Cultivated and managed vegetation/agriculture (cropland)
-0.459517,39.641329,3/24/2021,Urban / built up
-0.959979,38.068564,3/10/2021,Cultivated and managed vegetation/agriculture (cropland)
3.50604,38.979266,1/4/2021,Cultivated and managed vegetation/agriculture (cropland)
-1.27999,37.262621,1/25/2021,Cultivated and managed vegetation/agriculture (cropland)
3.99752,37.270837,4/21/2021,Urban / built up
1.97621,36.065849,3/29/2021,"Open forest, unknown"
1.739862,40.049836,2/22/2021,Urban / built up
0.354792,37.559935,2/20/2021,Urban / built up
-0.030394,37.11636,3/31/2021,Cultivated and managed vegetation/agriculture (cropland)
-1.386045,37.363091,2/1/2021,Cultivated and managed vegetation/agriculture (cropland)
0.602171,37.242198,2/22/2021,Urban / built up
3.10821,35.608422,3/2/2021,Urban / built up
0.038115,36.381457,2/17/2021,Urban / built up
3.123937,35.592017,4/5/2021,Urban / built up
3.320751,37.067934,2/15/2021,Urban / built up
4.111532,40.869998,2/6/2021,Urban / built up
0.358019,37.595041,2/10/2021,Urban / built up
-0.605422,38.134528,2/25/2021,Cultivated and managed vegetation/agriculture (cropland)
-1.359329,38.007906,3/18/2021,Urban / built up
2.326897,37.990522,4/20/2021,Urban / built up
0.407348,36.378928,4/14/2021,Urban / built up
3.464795,39.240131,2/17/2021,Cultivated and managed vegetation/agriculture (cropland)
0.431551,35.96397,2/8/2021,"Open forest, unknown"
2.321972,38.012844,1/18/2021,"Open forest, unknown"
0.798693,36.414018,1/7/2021,"Open forest, unknown"
0.351843,37.569604,1/1/2021,Cultivated and managed vegetation/agriculture (cropland)
-0.511463,37.743604,4/12/2021,Cultivated and managed vegetation/agriculture (cropland)
0.764053,36.435237,3/26/2021,"Open forest, unknown"
3.50432,38.75061,3/2/2021,Urban / built up
2.351298,38.011739,12/24/2020,Cultivated and managed vegetation/agriculture (cropland)
0.54392,35.751176,2/16/2021,"Open forest, unknown"
1.749852,40.058744,3/18/2021,Urban / built up
-1.366727,38.006717,4/7/2021,Urban / built up
-1.809971,37.454999,2/19/2021,Cultivated and managed vegetation/agriculture (cropland)
-0.136483,36.165442,4/6/2021,"Open forest, unknown"
3.603152,37.338588,1/5/2021,Urban / built up
2.293637,38.029704,2/27/2021,Cultivated and managed vegetation/agriculture (cropland)
3.118765,35.595525,3/23/2021,Urban / built up
3.522002,39.047774,4/2/2021,Urban / built up
1.996605,36.121645,2/10/2021,"Open forest, unknown"
0.342424,37.579925,4/1/2021,Urban / built up
-0.768026,37.329769,3/15/2021,Cultivated and managed vegetation/agriculture (cropland)
2.327174,37.992288,4/5/2021,Urban / built up
2.115178,36.152346,3/8/2021,"Open forest, unknown"
0.000931,37.07271,4/7/2021,Cultivated and managed vegetation/agriculture (cropland)
3.518187,39.055264,3/30/2021,Urban / built up
3.124847,35.61317,3/11/2021,Urban / built up
1.764192,37.321741,4/24/2021,"Open forest, unknown"
-0.351101,36.195086,4/15/2021,Cultivated and managed vegetation/agriculture (cropland)
-0.802537,38.311428,1/18/2021,Cultivated and managed vegetation/agriculture (cropland)
-0.454889,39.637637,3/23/2021,Urban / built up
-1.06642,37.599417,2/9/2021,Cultivated and managed vegetation/agriculture (cropland)
-0.447384,39.644664,3/29/2021,Urban / built up
0.764913,36.436702,2/3/2021,"Open forest, unknown"
3.524243,39.03271,1/22/2021,"Open forest, unknown"
-0.489818,37.448377,4/14/2021,Cultivated and managed vegetation/agriculture (cropland)
-0.370406,37.627123,4/10/2021,Cultivated and managed vegetation/agriculture (cropland)
0.619175,35.791647,4/6/2021,"Open forest, unknown"
-0.28534,36.063915,1/28/2021,Urban / built up
0.492648,35.76755,2/25/2021,"Open forest, unknown"
-0.504184,37.647333,2/15/2021,Cultivated and managed vegetation/agriculture (cropland)
-0.763715,36.2427,4/10/2021,Cultivated and managed vegetation/agriculture (cropland)
2.241788,35.43674,2/25/2021,Urban / built up
2.344497,37.983436,12/23/2020,"Open forest, unknown"
3.153894,39.251211,1/28/2021,Urban / built up
1.980664,36.092854,3/5/2021,"Open forest, unknown"
2.328983,37.983733,2/16/2021,Urban / built up
0.483026,35.769842,2/9/2021,Cultivated and managed vegetation/agriculture (cropland)
-0.576813,38.262936,2/24/2021,Cultivated and managed vegetation/agriculture (cropland)
0.35887,37.594831,2/4/2021,Urban / built up
-1.019643,37.910944,3/26/2021,Cultivated and managed vegetation/agriculture (cropland)
-1.521963,38.1416,3/5/2021,Cultivated and managed vegetation/agriculture (cropland)
0.451649,35.967818,2/17/2021,"Open forest, unknown"
-0.176285,37.703278,1/5/2021,Cultivated and managed vegetation/agriculture (cropland)
0.491917,35.74558,2/18/2021,"Open forest, unknown"
-1.092607,39.93871,2/5/2021,Urban / built up
-1.592047,40.51662,3/10/2021,Urban / built up
2.212665,37.888705,2/27/2021,Cultivated and managed vegetation/agriculture (cropland)
-1.368369,38.003268,2/5/2021,Urban / built up
2.244082,37.998825,4/16/2021,"Open forest, unknown"
3.129712,35.619395,3/5/2021,Urban / built up
-0.98272,38.071273,2/27/2021,Cultivated and managed vegetation/agriculture (cropland)
-1.577797,38.033764,3/17/2021,Cultivated and managed vegetation/agriculture (cropland)
2.198368,37.90568,2/1/2021,"Open forest, unknown"
-0.764787,36.221938,4/8/2021,Cultivated and managed vegetation/agriculture (cropland)
-1.513537,38.362446,1/30/2021,"Open forest, unknown"
1.018294,39.48919,2/5/2021,Urban / built up
3.431694,39.300061,1/29/2021,"Open forest, unknown"
0.049758,35.728,4/1/2021,"Open forest, unknown"
-1.26745,37.755262,2/16/2021,Cultivated and managed vegetation/agriculture (cropland)
-1.593834,40.062752,1/26/2021,"Open forest, unknown"
-0.704125,37.689665,3/12/2021,Cultivated and managed vegetation/agriculture (cropland)
-1.537013,38.029233,4/14/2021,Cultivated and managed vegetation/agriculture (cropland)
3.524434,39.06947,4/8/2021,Urban / built up
0.471033,35.999394,3/1/2021,"Open forest, unknown"
-3.68722,39.706915,1/11/2021,"Open forest, unknown"
2.349194,38.035729,2/8/2021,"Open forest, unknown"
3.15405,39.251534,3/19/2021,Urban / built up
4.111444,40.869957,2/15/2021,Urban / built up
-0.450603,37.77585,2/11/2021,Cultivated and managed vegetation/agriculture (cropland)
-0.534944,36.584251,4/1/2021,Cultivated and managed vegetation/agriculture (cropland)
0.473942,35.74208,2/4/2021,Cultivated and managed vegetation/agriculture (cropland)
0.291194,35.879532,3/12/2021,"Open forest, unknown"
-0.515543,38.362739,2/10/2021,Cultivated and managed vegetation/agriculture (cropland)
3.120495,35.600137,3/4/2021,Urban / built up
-0.780167,36.433855,4/9/2021,Urban / built up
-0.899496,37.307527,2/25/2021,Cultivated and managed vegetation/agriculture (cropland)
-0.20822,37.623843,2/7/2021,Cultivated and managed vegetation/agriculture (cropland)
1.589868,37.801707,3/30/2021,Urban / built up
-0.250332,37.730656,3/4/2021,Cultivated and managed vegetation/agriculture (cropland)
-0.053498,37.811555,1/20/2021,Cultivated and managed vegetation/agriculture (cropland)
0.016156,37.079701,2/22/2021,Urban / built up
-0.965479,38.017574,3/28/2021,Cultivated and managed vegetation/agriculture (cropland)
-1.342158,38.015784,2/25/2021,Cultivated and managed vegetation/agriculture (cropland)
0.150973,37.746058,2/22/2021,Cultivated and managed vegetation/agriculture (cropland)
0.464447,36.387417,2/2/2021,Cultivated and managed vegetation/agriculture (cropland)
1.212147,38.788864,3/24/2021,Urban / built up
-0.370857,37.810605,1/31/2021,Cultivated and managed vegetation/agriculture (cropland)
-1.488791,36.938903,4/3/2021,Urban / built up
1.996377,36.120322,3/1/2021,"Open forest, unknown"
1.969278,36.062057,1/21/2021,"Open forest, unknown"
2.326708,37.990604,4/13/2021,Urban / built up
3.463236,39.242836,6/29/2020,Cultivated and managed vegetation/agriculture (cropland)
2.140031,36.91959,3/30/2021,Cultivated and managed vegetation/agriculture (cropland)
1.98558,36.081364,2/14/2021,"Open forest, unknown"
3.468904,39.305775,3/31/2021,Cultivated and managed vegetation/agriculture (cropland)
3.974787,41.610772,2/19/2021,"Open forest, unknown"
-0.573269,38.107306,4/7/2021,Cultivated and managed vegetation/agriculture (cropland)
-1.259085,38.178677,3/13/2021,"Open forest, unknown"
2.326888,37.992688,4/5/2021,Urban / built up
2.212047,37.979255,2/24/2021,"Open forest, unknown"
0.484113,35.761669,3/15/2021,"Open forest, unknown"
-1.051295,38.101095,3/21/2021,Cultivated and managed vegetation/agriculture (cropland)
2.334673,37.989929,7/5/2020,Urban / built up
4.203975,34.362908,4/1/2021,Urban / built up
2.209422,37.884851,3/1/2021,"Open forest, unknown"
-1.432433,38.25591,1/24/2021,"Open forest, unknown"
0.008727,37.074372,10/12/2020,Urban / built up
-0.033601,40.457854,1/20/2021,Urban / built up
0.307689,38.198561,1/14/2021,"Open forest, unknown"
-1.534815,37.927629,4/8/2021,Cultivated and managed vegetation/agriculture (cropland)
2.212125,37.888385,2/15/2021,"Open forest, unknown"
1.770285,35.496542,2/11/2021,"Open forest, unknown"
3.152493,39.250806,1/13/2021,Urban / built up
-1.366012,37.41958,11/18/2020,Cultivated and managed vegetation/agriculture (cropland)
-1.463562,38.198107,3/16/2021,"Open forest, unknown"
-0.595602,38.198021,3/12/2021,Cultivated and managed vegetation/agriculture (cropland)
0.513814,35.266096,3/26/2021,"Open forest, unknown"
-0.510404,37.747514,4/26/2021,Cultivated and managed vegetation/agriculture (cropland)
4.11145,40.869982,2/16/2021,Urban / built up
-1.69532,40.170231,3/30/2021,Urban / built up
3.132139,37.430549,3/5/2021,Urban / built up
1.978746,36.097414,4/7/2021,"Open forest, unknown"
3.154126,39.251952,3/4/2021,Urban / built up
2.36782,35.42241,2/25/2021,Urban / built up
-0.602623,38.196131,3/31/2021,Cultivated and managed vegetation/agriculture (cropland)
3.995084,37.272561,3/9/2021,Urban / built up
1.74186,40.046375,3/23/2021,Urban / built up
2.098756,36.920944,6/4/2020,"Open forest, unknown"
0.035847,36.355325,1/6/2021,Urban / built up
1.067773,38.667946,2/9/2021,Urban / built up
3.467955,39.094093,4/6/2021,Cultivated and managed vegetation/agriculture (cropland)
3.11132,35.59388,3/17/2021,"Open forest, unknown"
0.115659,37.379218,2/26/2021,Cultivated and managed vegetation/agriculture (cropland)
-0.275557,35.797059,3/29/2021,Cultivated and managed vegetation/agriculture (cropland)
2.100814,36.923549,1/4/2021,"Open forest, unknown"
-0.05172,39.01478,7/7/2020,"Open forest, unknown"
-1.543201,37.293416,2/18/2021,Cultivated and managed vegetation/agriculture (cropland)
3.506005,38.751169,3/3/2021,Urban / built up
3.152525,39.251182,2/8/2021,Urban / built up
3.940756,40.344843,12/19/2020,Urban / built up
3.973822,41.629858,3/16/2021,"Open forest, unknown"
3.130215,37.427523,12/23/2020,Urban / built up
2.003878,39.76076,2/23/2021,Urban / built up
0.304768,35.803354,2/23/2021,"Open forest, unknown"
0.35797,37.583499,1/29/2021,Urban / built up
-3.891035,39.72941,1/29/2021,"Open forest, unknown"
-1.234002,38.080482,2/17/2021,Cultivated and managed vegetation/agriculture (cropland)
-0.364767,37.870662,2/1/2021,Cultivated and managed vegetation/agriculture (cropland)
2.216792,37.976263,2/2/2021,"Open forest, unknown"
0.226699,37.778877,3/23/2021,Cultivated and managed vegetation/agriculture (cropland)
-0.438083,39.606577,10/6/2020,"Open forest, unknown"
-0.629455,38.150987,4/1/2021,Cultivated and managed vegetation/agriculture (cropland)
-1.503097,37.946508,4/15/2021,Cultivated and managed vegetation/agriculture (cropland)
0.294204,37.327837,1/27/2021,"Open forest, unknown"
0.244087,36.323904,2/12/2021,"Open forest, unknown"
-0.505783,37.756966,1/13/2021,Cultivated and managed vegetation/agriculture (cropland)
0.962844,38.536619,2/4/2021,Urban / built up
1.986307,36.0699,3/30/2021,"Open forest, unknown"
-0.724536,39.018163,1/17/2021,Urban / built up
1.753585,37.324625,1/27/2021,"Open forest, unknown"
0.779352,36.402107,3/2/2021,"Open forest, unknown"
-0.814249,38.30594,3/30/2021,Cultivated and managed vegetation/agriculture (cropland)
-1.189591,37.459911,3/3/2021,Cultivated and managed vegetation/agriculture (cropland)
0.048628,35.724791,4/3/2021,Urban / built up
2.078974,35.425916,1/31/2021,"Open forest, unknown"
1.975746,36.073541,4/2/2021,"Open forest, unknown"
-3.45037,38.560119,1/24/2021,"Open forest, unknown"
2.362071,38.013023,10/29/2020,Cultivated and managed vegetation/agriculture (cropland)
-0.972751,37.996502,3/14/2021,Cultivated and managed vegetation/agriculture (cropland)
3.609668,38.547432,1/14/2021,"Open forest, unknown"
3.479518,39.11794,1/18/2021,Cultivated and managed vegetation/agriculture (cropland)
4.206866,34.346243,3/4/2021,"Open forest, unknown"
-1.267415,37.321154,4/14/2021,Urban / built up
0.165216,35.837769,3/9/2021,"Open forest, unknown"
2.115008,36.153067,3/10/2021,"Open forest, unknown"
3.972361,41.627761,3/16/2021,"Open forest, unknown"
0.476633,35.73864,3/27/2021,"Open forest, unknown"
-1.556852,38.303318,3/27/2021,"Open forest, unknown"
3.469364,39.144135,4/4/2021,"Open forest, unknown"
0.451854,35.946696,2/19/2021,"Open forest, unknown"
-0.297506,36.133321,4/7/2021,Urban / built up
-0.799975,38.332108,1/27/2021,Cultivated and managed vegetation/agriculture (cropland)
-0.101795,38.159723,2/27/2021,Cultivated and managed vegetation/agriculture (cropland)
-1.470842,38.069481,4/7/2021,Cultivated and managed vegetation/agriculture (cropland)
2.491205,39.567602,3/3/2021,Urban / built up
-1.482882,37.548351,2/16/2021,Cultivated and managed vegetation/agriculture (cropland)
0.761915,36.436441,3/26/2021,"Open forest, unknown"
3.111851,35.615186,1/20/2021,Urban / built up
-3.042246,40.088506,3/13/2021,"Open forest, unknown"
-1.326219,37.390262,3/3/2021,Cultivated and managed vegetation/agriculture (cropland)
1.977068,36.067081,3/6/2021,"Open forest, unknown"
-0.622561,38.064501,3/12/2021,Cultivated and managed vegetation/agriculture (cropland)
2.154472,36.985052,12/9/2020,"Open forest, unknown"
2.328992,37.983745,3/29/2021,Urban / built up
1.976785,36.065638,3/31/2021,"Open forest, unknown"
-1.190108,37.38369,2/3/2021,Cultivated and managed vegetation/agriculture (cropland)
-0.031706,40.457164,6/18/2020,Urban / built up
3.938324,41.181041,2/10/2021,"Open forest, unknown"
1.999253,39.750277,2/10/2021,Urban / built up
2.324238,37.995409,3/23/2021,"Open forest, unknown"
-0.457493,39.642089,3/23/2021,Urban / built up
-0.37334,37.6257,2/28/2021,Cultivated and managed vegetation/agriculture (cropland)
-0.710472,38.0051,2/10/2021,Cultivated and managed vegetation/agriculture (cropland)
-0.367895,37.614908,2/24/2021,Cultivated and managed vegetation/agriculture (cropland)
3.359205,39.41953,3/13/2021,Urban / built up
-0.22692,37.646306,3/24/2021,Urban / built up
-0.448759,39.6433,1/21/2021,Urban / built up
1.757063,40.045158,2/5/2021,Urban / built up
3.108371,35.606909,3/4/2021,Urban / built up
-0.381062,39.617927,1/21/2021,"Open forest, unknown"
1.015493,39.489923,3/2/2021,Urban / built up
-0.439608,37.733248,2/25/2021,Cultivated and managed vegetation/agriculture (cropland)
3.506116,38.751152,4/17/2021,Urban / built up
1.747402,40.048355,2/8/2021,Urban / built up
3.118034,35.597191,3/16/2021,Urban / built up
3.506042,38.75126,3/11/2021,Urban / built up
0.294463,35.866958,3/17/2021,"Open forest, unknown"
0.138214,37.881219,2/17/2021,Urban / built up
-3.172391,40.11311,1/8/2021,Urban / built up
2.344043,38.010407,2/18/2021,"Open forest, unknown"
1.180129,36.810998,2/28/2021,"Open forest, unknown"
0.058452,37.148049,1/28/2021,Cultivated and managed vegetation/agriculture (cropland)
-1.431017,38.256401,3/15/2021,"Open forest, unknown"
-0.842927,38.244001,4/2/2021,Cultivated and managed vegetation/agriculture (cropland)
1.744849,40.041294,3/9/2021,Urban / built up
-0.455539,37.744075,4/21/2021,Cultivated and managed vegetation/agriculture (cropland)
-0.475484,39.657461,3/27/2021,Urban / built up
0.007374,37.076533,1/19/2021,Urban / built up
-2.159359,40.89416,1/11/2021,"Open forest, unknown"
-2.902366,40.046934,1/16/2021,"Open forest, unknown"
3.113682,35.594211,3/20/2021,Urban / built up
3.495618,39.03114,1/28/2021,"Open forest, unknown"
3.472066,39.303052,3/16/2021,Cultivated and managed vegetation/agriculture (cropland)
1.775181,40.02788,3/26/2021,"Open forest, unknown"
0.347781,37.916405,2/17/2021,Cultivated and managed vegetation/agriculture (cropland)
0.002991,37.089785,12/29/2020,Urban / built up
-0.387667,37.501677,2/10/2021,Cultivated and managed vegetation/agriculture (cropland)
0.012495,37.075291,4/22/2021,Urban / built up
4.204849,34.365759,2/9/2021,Urban / built up
0.032331,37.154572,2/8/2021,"Open forest, unknown"
0.055345,37.173137,1/29/2021,Cultivated and managed vegetation/agriculture (cropland)
3.362748,39.415573,3/23/2021,Urban / built up
1.741873,40.058848,3/4/2021,Urban / built up
3.994796,37.272429,3/21/2021,Urban / built up
-1.314487,37.410965,2/2/2021,Cultivated and managed vegetation/agriculture (cropland)
-1.528089,37.277311,2/8/2021,Cultivated and managed vegetation/agriculture (cropland)
3.46771,39.30693,1/21/2021,"Open forest, unknown"
-1.368366,38.003276,1/22/2021,Urban / built up
1.969267,36.094142,3/17/2021,"Open forest, unknown"
3.509124,38.978109,3/23/2021,Cultivated and managed vegetation/agriculture (cropland)
3.448592,39.10887,3/4/2021,"Open forest, unknown"
0.355965,37.575125,1/1/2021,Urban / built up
3.469252,39.311102,3/5/2021,"Open forest, unknown"
-3.819584,39.806191,3/15/2021,"Open forest, unknown"
3.100333,35.606072,3/29/2021,Urban / built up
4.369181,35.549816,1/17/2021,Urban / built up
3.120885,35.61957,4/9/2021,"Open forest, unknown"
-0.889655,38.077671,4/2/2021,Cultivated and managed vegetation/agriculture (cropland)
0.102871,37.213633,1/26/2021,Cultivated and managed vegetation/agriculture (cropland)
-1.509479,38.071963,2/5/2021,Cultivated and managed vegetation/agriculture (cropland)
-1.422852,38.086685,4/4/2021,Cultivated and managed vegetation/agriculture (cropland)
0.036502,36.364017,1/15/2021,Urban / built up
1.954303,36.041427,3/12/2021,"Open forest, unknown"
-3.513075,39.84495,2/7/2021,"Open forest, unknown"
3.94132,41.183288,2/28/2021,"Open forest, unknown"
2.899541,35.281056,7/2/2020,"Open forest, unknown"
3.47261,39.3042,2/1/2021,Cultivated and managed vegetation/agriculture (cropland)
3.995381,37.272612,2/17/2021,Urban / built up
-1.418928,38.113691,2/11/2021,"Open forest, unknown"
-0.291461,37.770903,2/10/2021,Cultivated and managed vegetation/agriculture (cropland)
2.117632,36.154029,3/13/2021,"Open forest, unknown"
1.978236,36.062321,4/9/2021,"Open forest, unknown"
-2.063906,38.18403,1/1/2021,Cultivated and managed vegetation/agriculture (cropland)
-1.237061,38.062131,2/6/2021,Cultivated and managed vegetation/agriculture (cropland)
0.229188,37.841175,1/27/2021,Cultivated and managed vegetation/agriculture (cropland)
0.766275,36.427503,2/26/2021,"Open forest, unknown"
0.757207,36.440481,1/6/2021,"Open forest, unknown"
-1.368217,37.697426,4/23/2021,Cultivated and managed vegetation/agriculture (cropland)
-1.308003,37.449385,2/16/2021,Cultivated and managed vegetation/agriculture (cropland)
-0.182432,36.127406,4/9/2021,Cultivated and managed vegetation/agriculture (cropland)
-1.368326,38.00339,9/30/2020,Urban / built up
-0.719132,37.661047,3/31/2021,Cultivated and managed vegetation/agriculture (cropland)
-0.707867,37.794761,3/24/2021,Cultivated and managed vegetation/agriculture (cropland)
4.20463,34.359054,1/21/2021,Urban / built up
3.357492,39.419983,2/17/2021,Urban / built up
-1.294471,37.347456,2/27/2021,Cultivated and managed vegetation/agriculture (cropland)
-1.206465,38.181147,1/22/2021,"Open forest, unknown"
4.205398,34.358547,3/20/2021,Urban / built up
1.976238,36.065777,3/23/2021,"Open forest, unknown"
3.111024,35.617883,2/27/2021,Urban / built up
-0.107822,37.670637,2/1/2021,Cultivated and managed vegetation/agriculture (cropland)
0.962773,38.536279,2/25/2021,Urban / built up
-0.682123,38.398866,1/24/2021,Cultivated and managed vegetation/agriculture (cropland)
0.093572,37.172155,2/25/2021,Cultivated and managed vegetation/agriculture (cropland)
-1.229276,38.055341,1/22/2021,Cultivated and managed vegetation/agriculture (cropland)
-0.797591,36.213595,4/6/2021,Cultivated and managed vegetation/agriculture (cropland)
0.013824,37.082275,4/21/2021,Urban / built up
-1.21332,38.190659,3/7/2021,"Open forest, unknown"
0.244046,36.414243,1/18/2021,Cultivated and managed vegetation/agriculture (cropland)
0.187176,37.463745,3/8/2021,Cultivated and managed vegetation/agriculture (cropland)
3.612127,37.348583,1/2/2021,Urban / built up
-0.598129,36.131406,4/6/2021,Urban / built up
-3.142085,40.12719,1/19/2021,Cultivated and managed vegetation/agriculture (cropland)
-3.76133,39.647546,3/22/2021,"Open forest, unknown"
2.326957,37.991685,4/19/2021,Urban / built up
3.130159,37.427286,2/23/2021,Urban / built up
-0.252175,37.63208,3/12/2021,Cultivated and managed vegetation/agriculture (cropland)
0.035929,36.354737,2/6/2021,Urban / built up
1.744666,40.048499,12/24/2020,Urban / built up
-0.27617,37.762598,2/12/2021,Cultivated and managed vegetation/agriculture (cropland)
-1.171042,36.831588,2/27/2021,Urban / built up
0.038151,36.381474,3/30/2021,Urban / built up
-0.45334,39.642827,2/26/2021,Urban / built up
3.423739,39.294085,2/1/2021,"Open forest, unknown"
1.750118,40.043259,2/2/2021,Urban / built up
3.935645,41.280353,3/25/2021,"Open forest, unknown"
-1.295822,38.192403,2/16/2021,"Open forest, unknown"
2.335607,37.984561,2/2/2021,Urban / built up
3.50528,38.750836,3/2/2021,Urban / built up
-0.690799,37.362924,2/12/2021,Cultivated and managed vegetation/agriculture (cropland)
0.418132,35.786817,4/14/2021,Cultivated and managed vegetation/agriculture (cropland)
2.10661,36.922716,6/22/2020,"Open forest, unknown"
-0.343352,38.013544,3/28/2021,Cultivated and managed vegetation/agriculture (cropland)
3.12834,37.425883,3/17/2021,Urban / built up
3.117996,35.686853,3/22/2021,"Open forest, unknown"
3.612797,38.546677,2/24/2021,"Open forest, unknown"
1.989096,37.928079,1/28/2021,Urban / built up
0.863283,36.533267,4/6/2021,"Open forest, unknown"
3.120439,35.598631,5/30/2020,Urban / built up
1.750251,40.041039,3/4/2021,Urban / built up
0.398129,36.30855,12/31/2020,"Open forest, unknown"
-0.232274,38.247257,4/7/2021,Urban / built up
-0.611698,38.118702,3/10/2021,Cultivated and managed vegetation/agriculture (cropland)
2.13479,35.496847,2/4/2021,Urban / built up
0.349874,35.935123,5/29/2020,"Open forest, unknown"
-0.521619,37.361962,3/2/2021,Cultivated and managed vegetation/agriculture (cropland)
2.325355,37.986948,4/12/2021,Urban / built up
1.976613,36.073174,1/28/2021,"Open forest, unknown"
3.524599,39.039911,1/21/2021,"Open forest, unknown"
0.795711,36.591707,2/7/2021,"Open forest, unknown"
-0.361622,37.60986,1/29/2021,Cultivated and managed vegetation/agriculture (cropland)
0.348044,37.586727,2/18/2021,Urban / built up
4.20911,34.358896,4/6/2021,"Open forest, unknown"
-1.325924,38.05376,1/27/2021,Cultivated and managed vegetation/agriculture (cropland)
-2.062811,38.179539,2/22/2021,Urban / built up
0.354372,37.582868,2/9/2021,Urban / built up
-1.060443,37.500644,3/15/2021,Cultivated and managed vegetation/agriculture (cropland)
0.362215,37.583973,2/5/2021,Urban / built up
3.476485,39.103226,1/28/2021,Cultivated and managed vegetation/agriculture (cropland)
-1.366728,38.0067,3/30/2021,Urban / built up
-0.287809,36.124851,4/2/2021,Urban / built up
-0.278204,37.812456,2/22/2021,Cultivated and managed vegetation/agriculture (cropland)
-0.4586,39.641129,3/17/2021,Urban / built up
0.609489,35.801165,4/13/2021,"Open forest, unknown"
-2.899508,40.050765,1/16/2021,"Open forest, unknown"
3.113239,35.597449,1/29/2021,"Open forest, unknown"
-1.440086,37.939989,2/4/2021,Cultivated and managed vegetation/agriculture (cropland)
-1.517036,37.27056,1/18/2021,Urban / built up
3.533664,35.861998,4/16/2021,Urban / built up
3.119032,37.415965,6/22/2020,"Open forest, unknown"
0.118713,37.513065,2/25/2021,Cultivated and managed vegetation/agriculture (cropland)
0.011171,37.076993,1/22/2021,Urban / built up
0.355158,37.561198,1/18/2021,Cultivated and managed vegetation/agriculture (cropland)
1.748851,40.058248,3/19/2021,Urban / built up
-1.035082,38.01464,3/9/2021,Cultivated and managed vegetation/agriculture (cropland)
3.108708,35.600212,3/14/2021,Urban / built up
1.742341,40.046755,3/10/2021,Urban / built up
1.763928,40.057272,1/25/2021,"Open forest, unknown"
3.124837,35.613187,3/29/2021,Urban / built up
3.121769,35.621758,2/26/2021,Urban / built up
3.47044,39.239482,1/21/2021,Cultivated and managed vegetation/agriculture (cropland)
3.112135,35.605375,2/28/2021,Urban / built up
-1.118358,37.558403,3/25/2021,Cultivated and managed vegetation/agriculture (cropland)
-0.149976,35.681198,3/22/2021,Cultivated and managed vegetation/agriculture (cropland)
0.000798,37.05046,12/29/2020,Urban / built up
4.207679,34.363776,4/1/2021,"Open forest, unknown"
-1.15903,39.953338,7/28/2020,"Open forest, unknown"
-3.589063,39.828134,2/13/2021,"Open forest, unknown"
-3.402197,38.559099,3/16/2021,"Open forest, unknown"
2.341692,37.975736,1/30/2021,Urban / built up
1.741755,37.313957,12/7/2020,"Open forest, unknown"
1.74236,40.046674,2/1/2021,Urban / built up
-3.745389,39.566186,3/13/2021,"Open forest, unknown"
0.352286,37.559753,2/15/2021,Urban / built up
0.710195,35.509169,5/28/2020,"Open forest, unknown"
-2.174802,38.096749,2/11/2021,Cultivated and managed vegetation/agriculture (cropland)
0.492306,35.740556,5/28/2020,Urban / built up
-0.099388,38.021822,2/10/2021,Cultivated and managed vegetation/agriculture (cropland)
2.808449,40.931074,5/29/2020,Urban / built up
0.60357,37.245363,1/5/2021,Urban / built up
3.995117,37.272977,3/23/2021,Urban / built up
3.123643,35.61643,2/23/2021,"Open forest, unknown"
-1.515583,37.262021,1/22/2021,Urban / built up
3.524622,39.069553,4/12/2021,Urban / built up
0.057461,37.160812,3/27/2021,Cultivated and managed vegetation/agriculture (cropland)
0.798381,36.413881,2/25/2021,"Open forest, unknown"
-0.997573,37.937738,1/22/2021,Cultivated and managed vegetation/agriculture (cropland)
1.947767,36.039728,3/6/2021,"Open forest, unknown"
1.749043,40.058215,2/4/2021,Urban / built up
2.335272,37.999173,4/10/2021,Urban / built up
1.977933,36.101233,3/12/2021,"Open forest, unknown"
-0.315013,37.855583,2/27/2021,Cultivated and managed vegetation/agriculture (cropland)
0.519131,35.757591,3/31/2021,"Open forest, unknown"
-1.54292,38.006652,1/24/2021,Cultivated and managed vegetation/agriculture (cropland)
3.237849,37.050766,1/7/2021,Cultivated and managed vegetation/agriculture (cropland)
-0.846147,38.049143,2/4/2021,Cultivated and managed vegetation/agriculture (cropland)
-0.100409,38.016756,3/17/2021,Cultivated and managed vegetation/agriculture (cropland)
0.460715,35.685619,4/5/2021,"Open forest, unknown"
1.97381,36.05972,2/11/2021,"Open forest, unknown"
-0.249983,35.795922,4/3/2021,Cultivated and managed vegetation/agriculture (cropland)
-0.89836,38.132078,2/14/2021,Cultivated and managed vegetation/agriculture (cropland)
0.767694,36.403492,2/19/2021,"Open forest, unknown"
0.325105,37.572044,4/13/2021,Cultivated and managed vegetation/agriculture (cropland)
3.995464,37.272558,4/21/2021,Urban / built up
3.466147,39.242221,3/26/2021,Cultivated and managed vegetation/agriculture (cropland)
1.067482,38.668167,4/7/2021,Urban / built up
1.974571,36.072274,3/22/2021,"Open forest, unknown"
-1.491586,37.943989,2/26/2021,Cultivated and managed vegetation/agriculture (cropland)
0.767318,36.434962,2/17/2021,"Open forest, unknown"
-1.043797,37.891393,4/9/2021,Cultivated and managed vegetation/agriculture (cropland)
2.516898,36.246135,3/7/2021,"Open forest, unknown"
2.359598,37.998257,12/12/2020,Cultivated and managed vegetation/agriculture (cropland)
0.368011,37.583349,1/29/2021,Urban / built up
1.951686,36.028293,2/13/2021,Urban / built up
-2.415564,40.199782,2/1/2021,"Open forest, unknown"
2.333851,38.001032,7/13/2020,Cultivated and managed vegetation/agriculture (cropland)
-1.106915,38.041142,4/6/2021,Cultivated and managed vegetation/agriculture (cropland)
3.609725,38.543548,2/24/2021,"Open forest, unknown"
-3.037945,40.07547,3/15/2021,"Open forest, unknown"
2.243183,37.99899,4/2/2021,Cultivated and managed vegetation/agriculture (cropland)
3.397796,40.224361,1/15/2021,Urban / built up
3.594558,38.63787,1/31/2021,"Open forest, unknown"
-0.358527,37.72771,2/7/2021,Cultivated and managed vegetation/agriculture (cropland)
0.072908,37.64825,2/25/2021,Urban / built up
0.354198,37.560285,2/25/2021,Urban / built up
-2.31816,40.396892,2/25/2021,"Open forest, unknown"
0.008922,35.590013,3/19/2021,Cultivated and managed vegetation/agriculture (cropland)
4.111432,40.869978,2/6/2021,Urban / built up
-0.464239,37.645934,2/16/2021,Cultivated and managed vegetation/agriculture (cropland)
0.748665,36.539345,1/12/2021,"Open forest, unknown"
2.117474,36.153997,3/12/2021,"Open forest, unknown"
0.129393,37.718009,2/2/2021,Cultivated and managed vegetation/agriculture (cropland)
2.334832,37.978063,2/3/2021,"Open forest, unknown"
0.243721,36.397702,1/12/2021,"Open forest, unknown"
-1.454205,38.174093,2/4/2021,"Open forest, unknown"
-3.247493,40.123917,2/12/2021,Urban / built up
-0.923992,38.050104,3/12/2021,Cultivated and managed vegetation/agriculture (cropland)
-0.26108,37.669709,1/19/2021,Cultivated and managed vegetation/agriculture (cropland)
-0.512587,37.74607,12/28/2020,Cultivated and managed vegetation/agriculture (cropland)
0.585436,36.010965,2/19/2021,"Open forest, unknown"
0.8934,36.55019,2/5/2021,"Open forest, unknown"
-1.026745,37.598107,3/13/2021,Cultivated and managed vegetation/agriculture (cropland)
-1.368647,38.002908,1/22/2021,Urban / built up
-0.54984,38.212315,3/30/2021,Cultivated and managed vegetation/agriculture (cropland)
-0.128612,38.052336,2/22/2021,Cultivated and managed vegetation/agriculture (cropland)
-2.680749,40.107986,12/30/2020,"Open forest, unknown"
2.211059,37.88005,4/12/2021,"Open forest, unknown"
-3.807013,39.753789,3/12/2021,"Open forest, unknown"
0.306043,36.350656,3/19/2021,"Open forest, unknown"
0.058116,40.308504,7/3/2020,Urban / built up
-1.795406,38.426779,1/13/2021,Cultivated and managed vegetation/agriculture (cropland)
0.230085,37.534886,1/28/2021,Cultivated and managed vegetation/agriculture (cropland)
3.576967,38.655613,2/1/2021,"Open forest, unknown"
-3.244578,39.992114,3/11/2021,"Open forest, unknown"
-0.487364,36.321483,4/1/2021,Cultivated and managed vegetation/agriculture (cropland)
0.117502,37.125448,1/1/2021,Cultivated and managed vegetation/agriculture (cropland)
0.038289,36.379871,3/31/2021,Urban / built up
0.49201,35.745716,3/3/2021,"Open forest, unknown"
-0.261726,37.670389,3/20/2021,Cultivated and managed vegetation/agriculture (cropland)
0.569861,35.689506,4/11/2021,"Open forest, unknown"
4.20231,34.382774,4/9/2021,"Open forest, unknown"
-0.439162,39.637461,1/20/2021,Urban / built up
1.837947,35.480142,4/6/2021,Urban / built up
0.089292,37.35082,4/14/2021,Cultivated and managed vegetation/agriculture (cropland)
3.568516,38.645838,4/13/2021,"Open forest, unknown"
-0.284103,37.817624,1/15/2021,Cultivated and managed vegetation/agriculture (cropland)
-1.577614,38.151106,3/9/2021,Cultivated and managed vegetation/agriculture (cropland)
0.042158,37.667295,1/15/2021,Urban / built up
-3.509234,38.311748,2/11/2021,"Open forest, unknown"
3.457924,39.289812,1/18/2021,"Open forest, unknown"
-3.515817,38.558646,2/11/2021,"Open forest, unknown"
3.357805,39.418969,12/30/2020,Urban / built up
3.398363,40.22464,1/25/2021,Urban / built up
-1.174522,38.092215,3/5/2021,Cultivated and managed vegetation/agriculture (cropland)
-3.041077,40.073232,3/15/2021,"Open forest, unknown"
3.154163,39.251705,2/4/2021,Urban / built up
2.303953,37.92796,6/4/2020,"Open forest, unknown"
-0.218991,37.713856,2/3/2021,Cultivated and managed vegetation/agriculture (cropland)
0.003168,38.00799,3/8/2021,Cultivated and managed vegetation/agriculture (cropland)
0.772504,36.407421,3/1/2021,"Open forest, unknown"
-3.390058,37.675778,2/17/2021,Urban / built up
3.15408,39.251728,2/4/2021,Urban / built up
3.118105,35.596117,3/30/2021,Urban / built up
0.07239,37.1678,1/28/2021,Cultivated and managed vegetation/agriculture (cropland)
-0.159746,36.163431,3/23/2021,"Open forest, unknown"
0.474922,35.85237,3/19/2021,"Open forest, unknown"
0.855479,38.489099,2/15/2021,"Open forest, unknown"
0.634005,35.462957,5/28/2020,Cultivated and managed vegetation/agriculture (cropland)
3.995389,37.273181,3/3/2021,Urban / built up
2.212094,37.974326,3/7/2021,"Open forest, unknown"
2.368688,38.023958,5/26/2020,Cultivated and managed vegetation/agriculture (cropland)
-1.515084,37.261867,1/22/2021,"Open forest, unknown"
-0.095402,35.684899,4/13/2021,Cultivated and managed vegetation/agriculture (cropland)
-0.263981,36.205337,4/14/2021,"Open forest, unknown"
-2.360538,40.678932,2/21/2021,Cultivated and managed vegetation/agriculture (cropland)
-0.933151,38.046307,1/18/2021,Cultivated and managed vegetation/agriculture (cropland)
3.513457,39.030499,6/4/2020,"Open forest, unknown"
-0.275525,37.660297,3/24/2021,Urban / built up
3.423958,39.879558,12/15/2020,Urban / built up
3.512751,38.972499,3/25/2021,Cultivated and managed vegetation/agriculture (cropland)
-0.63411,38.028988,2/11/2021,Cultivated and managed vegetation/agriculture (cropland)
-0.393694,37.658542,1/31/2021,Cultivated and managed vegetation/agriculture (cropland)
0.623943,36.985434,12/21/2020,Urban / built up
0.343483,37.579416,4/15/2021,"Open forest, unknown"
-3.000767,40.068463,3/23/2021,"Open forest, unknown"
3.565327,38.645555,1/14/2021,Urban / built up
-1.318556,37.325652,2/16/2021,Cultivated and managed vegetation/agriculture (cropland)
-0.481054,39.653701,2/23/2021,Urban / built up
4.205989,34.348125,3/30/2021,"Open forest, unknown"
-1.292772,38.180612,2/16/2021,"Open forest, unknown"
1.92614,35.363728,4/3/2021,"Open forest, unknown"
2.08166,36.169511,8/8/2020,"Open forest, unknown"
-1.479802,37.30307,2/22/2021,Cultivated and managed vegetation/agriculture (cropland)
-0.925345,37.784559,2/10/2021,Cultivated and managed vegetation/agriculture (cropland)
3.515764,38.979334,1/20/2021,Cultivated and managed vegetation/agriculture (cropland)
0.860202,38.394346,1/22/2021,"Open forest, unknown"
2.140773,36.919313,3/30/2021,Cultivated and managed vegetation/agriculture (cropland)
0.149626,37.728922,2/18/2021,"Open forest, unknown"
1.742829,40.060781,1/24/2021,Urban / built up
0.354637,37.583423,2/4/2021,Urban / built up
3.98632,35.480641,4/11/2021,Urban / built up
0.094284,37.167809,2/23/2021,Cultivated and managed vegetation/agriculture (cropland)
-0.534333,38.233533,2/8/2021,Cultivated and managed vegetation/agriculture (cropland)
-3.725519,39.656111,3/10/2021,"Open forest, unknown"
-0.54477,38.213378,3/25/2021,Cultivated and managed vegetation/agriculture (cropland)
-3.107876,40.110128,3/24/2021,"Open forest, unknown"
2.16182,36.982765,1/1/2021,"Open forest, unknown"
0.255968,35.826277,4/4/2021,"Open forest, unknown"
-1.597698,40.062931,3/2/2021,"Open forest, unknown"
3.471012,39.311784,1/14/2021,"Open forest, unknown"
-0.171277,38.215106,1/22/2021,Cultivated and managed vegetation/agriculture (cropland)
-1.803385,37.940499,2/2/2021,"Open forest, unknown"
2.214454,36.910649,1/19/2021,"Open forest, unknown"
-0.764867,37.68322,2/12/2021,Cultivated and managed vegetation/agriculture (cropland)
1.022645,34.9994,4/1/2021,Urban / built up
3.108422,35.60686,3/16/2021,Urban / built up
2.107709,36.169206,3/5/2021,"Open forest, unknown"
0.015281,37.69085,2/17/2021,Cultivated and managed vegetation/agriculture (cropland)
3.321273,37.068208,6/9/2020,Urban / built up
1.089958,36.622925,1/1/2021,"Open forest, unknown"
0.963079,38.536287,3/3/2021,Urban / built up
-0.30942,38.215877,1/23/2021,Urban / built up
-0.369548,37.624669,2/24/2021,Urban / built up
0.229862,37.803558,3/25/2021,Cultivated and managed vegetation/agriculture (cropland)
